part,qty,where,link,notes
"STS3215 / ST3215 serial bus servo, 12 V 30 kg","2","Amazon","https://www.amazon.com/dp/B0CFY52HVV","Get the 12 V / 30 kg version, not the 7.4 V one."
"Metal servo horn for STS3215 (25T)","2","Amazon","https://www.amazon.com/s?k=STS3215%20metal%20servo%20horn%20aluminum","Some servos ship with a metal horn; check before buying."
"6810-2RS bearing (50×65×7)","1","Amazon","https://www.amazon.com/s?k=6810-2RS%20bearing",""
"Raspberry Pi Zero 2 W","1","raspberrypi.com","https://www.raspberrypi.com/products/raspberry-pi-zero-2-w/","Usually marked up on Amazon. Buy from an approved reseller at list price, with a 32 GB microSD."
"ESP32-S3-DevKitC-1 N16R8","1","Amazon","https://www.amazon.com/dp/B0CDRM6BGQ","Must be N16R8 (16 MB flash, 8 MB PSRAM)."
"Serial bus servo driver / adapter board","1","Amazon","https://www.amazon.com/dp/B0CJBKQ8LJ","TTL half-duplex adapter for ST/SC servos."
"Raspberry Pi Camera Module 3","1","raspberrypi.com","https://www.raspberrypi.com/products/camera-module-3/","Standard (not wide) lens, plus a Zero-size FFC cable."
"2.8"" 320×240 IPS SPI display","1","Amazon","https://www.amazon.com/s?k=2.8%20inch%20IPS%20SPI%20display%20320x240%20ST7789","ST7789 driver, IPS panel."
"VL53L8CX 8×8 ToF lidar breakout","1","DigiKey","https://www.digikey.com/en/products/result?keywords=SATEL-VL53L8","ST SATEL-VL53L8 board. A VL53L5CX board on Amazon is a close substitute."
"ICS-43434 I²S MEMS mic breakout","2","Adafruit","https://www.adafruit.com/search?q=ICS-43434","Rarely on Amazon. INMP441 boards on Amazon work as a substitute."
"MAX98357A I²S amplifier breakout","1","Amazon","https://www.amazon.com/dp/B0CJMBMXMH",""
"Speaker, Ø40 mm, 4–8 Ω 3 W","1","Amazon","https://www.amazon.com/s?k=40mm%20speaker%204%20ohm%203W",""
"3S Li-ion pack with BMS + balance lead","1","Amazon","https://www.amazon.com/s?k=3S%2011.1V%2018650%20battery%20pack%20BMS%20balance","Capacity as in the brief."
"BQ25798 charger breakout","1","Adafruit","https://www.adafruit.com/search?q=BQ25798","Multi-cell USB-C charger with power path."
"USB-C PD trigger board (sink)","1","Amazon","https://www.amazon.com/dp/B0H1BYPQ1T","DIP-switch selectable voltage; set to the value in the brief."
"5 V / 5 A buck converter","1","Amazon","https://www.amazon.com/s?k=5V%205A%20buck%20converter%20module",""
"eFuse / load switch breakout","1","DigiKey","https://www.digikey.com/en/products/result?keywords=TPS25947%20evaluation","TPS2594x-class eFuse. A 10 A blade fuse plus MOSFET switch board works as a simpler alternative."
"Toggle switch + inline blade fuse holder","1","Amazon","https://www.amazon.com/s?k=brass%20toggle%20switch%20SPST%2010A","Pick a brass or chrome finish."
"Steel ballast disc, laser-cut","1","SendCutSend","https://sendcutsend.com","Ø130 × 4 mm mild steel, 3× M4 tapped at R50 (30°, 150°, 270°)."